filename, 1, 2, 3, 4, 5, 6
i.rf.d08e5338d1829714cf58e1a9f807469f.jpg, 1, 0, 0, 0, 0, 0
IMG_0838_jpeg.rf.d23cb939c9252ace99b03dc26be3d0b4.jpg, 0, 0, 0, 1, 0, 1
i.rf.d0c69fe1be579563ab51d77833ae8fe7.jpg, 1, 0, 0, 0, 0, 0
i.rf.d3981e6c46802c110d03930db4e0465f.jpg, 0, 0, 0, 0, 1, 0
i.rf.cfa20f7b33c877451d022bc1bed3a239.jpg, 0, 0, 1, 0, 0, 1
crTxXTQCtaUwIHHIFnhd.jpg, 1, 0, 0, 1, 0, 0
IMG_0785_jpeg.rf.da1e1e8cf031e5145221d4b3f1286dad.jpg, 0, 1, 0, 1, 0, 0
IMG_0750_jpeg.rf.cfd78f25e9f0bb66e5b25a6738fc623a.jpg, 0, 0, 0, 1, 0, 0
i.rf.d4a8b790db8ca06f1270eafb634d2001.jpg, 0, 0, 0, 0, 1, 0
i.rf.d22c89e6d989f93f147b01122d3541fe.jpg, 1, 0, 0, 0, 0, 0
IMG_0733_jpeg.rf.d485c0f34b4019e68684e78c1c37dce1.jpg, 0, 0, 0, 0, 0, 1
i.rf.d6b415714de6bf2810a1ad3fc3a59fda.jpg, 0, 0, 0, 0, 1, 0
i.rf.d8cead472fc925e926db01ac4d086076.jpg, 0, 0, 0, 1, 0, 0
co5wDXIcYvCBkKPDeT1U.jpg, 0, 0, 0, 0, 1, 1
IMG_0688_jpeg.rf.d41ad0d0994ff0570d79266d5b16cb43.jpg, 0, 1, 0, 0, 0, 0
IMG_0839_jpeg.rf.d4063df0c1909eaf0821b8ac04a5b0c1.jpg, 0, 0, 1, 0, 0, 0
d9OwoChz6L5Ww33AWygM.jpg, 1, 0, 0, 0, 0, 0
IMG_0728_jpeg.rf.d5db7254a420579a2e662baddb5e23fa.jpg, 1, 0, 1, 0, 0, 0
i.rf.d3f15f74474380e16aefb1334cba799d.jpg, 0, 1, 0, 0, 0, 0
i.rf.d95b3c7a01e7544a1031b209970004c0.jpg, 1, 0, 0, 0, 0, 0
IMG_0683_jpeg.rf.d4fc5febfdd881ced06c599d6545a88f.jpg, 1, 0, 0, 0, 0, 1
IMG_0810_jpeg.rf.d8181ca119893b7f0a5cc67989428798.jpg, 1, 0, 0, 0, 0, 1
i.rf.d8631e0844953359aa4f8f944ab88579.jpg, 0, 0, 1, 0, 0, 0
i.rf.da7b55fd92e5f2b2d31d3962e086e361.jpg, 0, 0, 1, 0, 0, 0
d9jRPAedJj8oMNsbFZjE.jpg, 0, 0, 1, 0, 0, 1
IMG_0818_jpeg.rf.dd901a7106a2c60b5bf043be4a827855.jpg, 1, 0, 0, 1, 0, 0
i.rf.de1a38e6071838539bb008753399796e.jpg, 0, 0, 0, 0, 0, 1
IMG_0820_jpeg.rf.dde66eae0734b36597f48e6bf7468b98.jpg, 1, 0, 0, 1, 0, 0
IMG_0744_jpeg.rf.d3ec57bd9a253367e6d362a5de170b17.jpg, 0, 0, 0, 0, 1, 1
IMG_0811_jpeg.rf.dd8b608d47b0fb45f431e7c68c6b69e5.jpg, 1, 0, 0, 0, 0, 1
IMG_0739_jpeg.rf.dfe40666836cb1930090a666825ba516.jpg, 0, 0, 0, 0, 1, 1
i.rf.da8fe614258b3acd75f8f10753fcbde2.jpg, 0, 1, 0, 0, 0, 0
dlvpTXJ3o8QjLZzCgnq8.jpg, 0, 0, 1, 0, 0, 0
IMG_0706_jpeg.rf.db606100b71ba13229497b8e9512d733.jpg, 0, 0, 1, 0, 0, 1
IMG_0816_jpeg.rf.df9150824ae018f76761c17fcf6b0b70.jpg, 1, 0, 0, 0, 0, 1
i.rf.dbc935ddeff490a7c27efd39082f8e46.jpg, 0, 0, 0, 1, 0, 0
IMG_0747_jpeg.rf.de67eb9d55273e2301b2ca7fe239741b.jpg, 0, 0, 0, 1, 0, 0
IMG_0710_jpeg.rf.ddca60634f08c996001e4ae6da452fee.jpg, 0, 0, 0, 1, 1, 0
IMG_0701_jpeg.rf.e0117c34680fdf0a7e4d5db7e21f9bec.jpg, 1, 0, 0, 1, 0, 0
i.rf.e54e1446a877ba21785b2f9e4648d4e5.jpg, 0, 0, 0, 1, 0, 0
IMG_0784_jpeg.rf.df6d12f68b9427ca774689658d96dc2b.jpg, 0, 1, 0, 1, 0, 0
i.rf.e47780a41095deed94a2b984892fbc70.jpg, 0, 0, 1, 0, 0, 0
i.rf.dff6716ce0d4a47dfc0ff1506eadb7ef.jpg, 1, 1, 1, 1, 1, 1
IMG_0783_jpeg.rf.e0bdece9dfb2eb3578d7963bca71384b.jpg, 0, 1, 0, 0, 1, 0
i.rf.e3261c51e41f05d0be9bb58c7e9464f7.jpg, 0, 1, 0, 0, 0, 0
IMG_0807_jpeg.rf.e9acc623af2b4c17188c3b76e4185d64.jpg, 1, 0, 0, 0, 0, 0
IMG_0665_jpeg.rf.e5ec366a66444bfbca6e6c03c175a5b7.jpg, 1, 1, 0, 0, 0, 0
IMG_0844_jpeg.rf.e5aee71dd847dea2f98298a20460c7e2.jpg, 0, 0, 1, 0, 0, 0
IMG_0742_jpeg.rf.e093eae500fe097b127c28e05492fbb8.jpg, 0, 0, 0, 0, 1, 1
IMG_0705_jpeg.rf.e83be41a3de8751a9ee6249f9ae926e8.jpg, 0, 0, 1, 0, 0, 1
i.rf.ea124d9437f0a3a8d33fd3c6de480a6b.jpg, 1, 0, 0, 0, 0, 0
IMG_0664_jpeg.rf.e396509dbb4d55d6f150b6b63a355ec4.jpg, 1, 1, 0, 0, 0, 0
eYbmdKmFwn1vArCcn5OM.jpg, 0, 1, 0, 1, 0, 0
IMG_0802_jpeg.rf.e3385825fb9c4faa6db2e7dbfd7566d6.jpg, 1, 0, 0, 0, 0, 0
IMG_0654_jpeg.rf.e9c9eb6bafc7e8ffb805c02f90a72f72.jpg, 1, 0, 0, 0, 0, 1
IMG_0715_jpeg.rf.ec230a7bff0561382441dc0e41dded35.jpg, 0, 0, 0, 1, 1, 0
eFjD3GoCmHSbLuuNyNDj.jpg, 0, 0, 0, 0, 1, 1
i.rf.ecc3dd2d2a76b6c06abe838b6cca02c0.jpg, 0, 0, 1, 0, 0, 0
i.rf.e1f3eee4d57855e887bef08ff9e1860f.jpg, 0, 0, 1, 0, 0, 0
IMG_0727_jpeg.rf.e25d3538553e9cf47a77219794c846b9.jpg, 1, 0, 1, 0, 0, 0
i.rf.e9cc77ee28724cc54d588919eca9c6d6.jpg, 0, 0, 0, 0, 0, 1
i.rf.eba1a11525999b39f12dacfa8bb86cb5.jpg, 0, 1, 0, 0, 0, 0
IMG_0666_jpeg.rf.ece42402a538d17866500ad5f7edcb5f.jpg, 1, 1, 0, 0, 0, 0
IMG_0668_jpeg.rf.ee8cdf884bd9bd05ce0b702100f04f85.jpg, 1, 1, 0, 0, 0, 0
i.rf.ee1b19671dfe33492d0e5612bfc4d87b.jpg, 0, 0, 1, 0, 0, 0
i.rf.ee346f18c361c82b0bc1a871237eb01a.jpg, 0, 0, 0, 0, 1, 0
IMG_0845_jpeg.rf.ed206c3f2cc6f94da054ae570bd0039e.jpg, 0, 0, 1, 0, 0, 0
i.rf.ee5349b0c57d783add4e9705e150e23b.jpg, 0, 0, 0, 0, 1, 0
i.rf.ee62aa98c0e295b6bdc1cda3ffc80d83.jpg, 0, 0, 0, 0, 1, 0
i.rf.f3d461e4a3ee6dd88f9faa9fb28fd964.jpg, 0, 0, 0, 0, 0, 1
i.rf.f2a0cabf3d027e9afcb6cadb6ab97bde.jpg, 0, 0, 0, 0, 0, 1
i.rf.f0f4a8e094efb3fd695647d2cfd35d55.jpg, 0, 0, 0, 0, 1, 0
IMG_0663_jpeg.rf.f7fcfaba4cd13a3dd2b5a74aee2be346.jpg, 1, 1, 0, 0, 0, 0
IMG_0764_jpeg.rf.f17fb4e5d84c48c6e3d1f25abb1e7be5.jpg, 0, 0, 1, 1, 0, 0
i.rf.ef3919979c20a0103a5ab309d3505e5a.jpg, 0, 0, 0, 1, 0, 0
IMG_0793_jpeg.rf.f2358afd365d89e5ab25f75a60fa5e26.jpg, 0, 1, 0, 1, 0, 0
IMG_0719_jpeg.rf.f4c7e4594914b9998bcf622bcbe6553b.jpg, 0, 0, 1, 0, 0, 1
i.rf.f84c187c9ab584f6d58f42b28d3c6bd1.jpg, 0, 0, 0, 0, 0, 1
IMG_0815_jpeg.rf.ecdafc24c2f1f276e2013b0d0e565704.jpg, 1, 0, 0, 0, 0, 1
IMG_0679_jpeg.rf.f2f2478dd785bad7b1bf58f10b0f4543.jpg, 0, 1, 0, 1, 0, 0
IMG_0671_jpeg.rf.f09870d39594958b63ab213a6579b108.jpg, 0, 0, 0, 0, 0, 1
i.rf.f5d1f3e2a621635a09f8ce684840796e.jpg, 0, 0, 1, 0, 0, 0
IMG_0796_jpeg.rf.f15cf31081e21999ecfe563ca02cffce.jpg, 0, 0, 0, 0, 1, 1
i.rf.f1be5342d1d1a0859575d4f5c37d66ec.jpg, 0, 0, 0, 0, 1, 0
fPHlpOEJ0mKFsTj0IAlR.jpg, 1, 0, 0, 0, 0, 0
IMG_0803_jpeg.rf.f98faac1b695e6f478657629775e023d.jpg, 1, 0, 0, 0, 0, 0
IMG_0698_jpeg.rf.fa4813592ad40733bf5e59a39095a1ae.jpg, 0, 1, 0, 0, 0, 1
fOF50olNgDtXpGNkg6QY.jpg, 0, 0, 0, 0, 0, 1
fDly275hkGWDFnNVcAPd.jpg, 0, 1, 0, 0, 0, 0
IMG_0736_jpeg.rf.ff2b93842ccb4707756fa3bfb60728a0.jpg, 0, 0, 0, 0, 0, 1
i.rf.fb026c7c248227f1d7465af884071e53.jpg, 0, 0, 0, 1, 0, 0
fpO85HpRZ2Ff8VTt6yv9.jpg, 0, 0, 1, 0, 0, 0
i.rf.fff53702bd83b1b9d4b8d3a1596ba5f7.jpg, 0, 1, 0, 0, 0, 0
i.rf.fabc1d8e667bd4c882ce54b24b1495cc.jpg, 0, 0, 1, 0, 0, 0
hJPa9ejSglizuQSq7zEs.jpg, 0, 0, 1, 0, 0, 0
hCXZ7zWxmmQvBKu1aXl2.jpg, 0, 1, 0, 0, 0, 0
i.rf.facd41ce32f0c94b938cbbb3a275cf6a.jpg, 1, 1, 1, 1, 1, 1
gMqwr4mmCfHiKEWk9EXk.jpg, 0, 0, 0, 0, 1, 0
hTrnW5B02tBxR9LXQlen.jpg, 1, 0, 0, 0, 0, 0
i.rf.fd7004bc550bc5935dbd0b25b8221940.jpg, 0, 1, 0, 0, 0, 0
gremWBFSXpegu2NqvaqG.jpg, 1, 0, 0, 1, 0, 0
gSGzOypLfQhGjteJa6Hx.jpg, 1, 0, 0, 0, 0, 0
IMG_0740_jpeg.rf.fb75f248e0b5c7389ea04b0afe46c3a0.jpg, 0, 0, 0, 0, 1, 1
iwZ3pWSaHdjpkAVbsMFc.jpg, 0, 0, 1, 0, 0, 0
hywuZy8PvrOC5SS1ne00.jpg, 0, 0, 1, 0, 0, 1
g79dbxkzTT1wdEyuQQgD.jpg, 0, 0, 0, 0, 0, 1
fxTvXaHgM8VlCRWaEAM6.jpg, 1, 0, 1, 0, 0, 0
i.rf.f45562fc66105bc9b20d54e263a27d43.jpg, 0, 1, 0, 0, 0, 0
gNYLfxI5c1cmjDwNRgUk.jpg, 0, 0, 0, 1, 0, 0
ipbQMYQOyWkA1Sb7QDo7.jpg, 1, 0, 0, 0, 0, 1
hzHVZfwESVNCBhMkr7ah.jpg, 0, 0, 0, 0, 1, 1
hIGyI4phWSpm6nbuRk2P.jpg, 0, 0, 0, 0, 1, 1
iQepYXffC6KylniMI7fr.jpg, 0, 0, 0, 0, 0, 1
jOWfjeRDO7HCyPjLVVDC.jpg, 0, 0, 1, 0, 0, 1
kQ91myBvEurMuDuclyee.jpg, 1, 0, 0, 0, 0, 0
iNwAyULnCFYwwXe0TmY2.jpg, 0, 0, 0, 0, 1, 0
jEbSoh0Pz923MwggxbPC.jpg, 0, 0, 0, 1, 0, 1
mOmuUvVZsRQHvEsWBxFx.jpg, 0, 0, 0, 0, 0, 1
lEEhRZs44k827lSHYpTu.jpg, 0, 0, 0, 0, 0, 1
izYdRPnrB9KZRMNWCROa.jpg, 0, 0, 0, 0, 0, 1
lRm1duRUIZXxKV10DdjV.jpg, 0, 0, 0, 0, 0, 1
jhUCP1JLkTxNcCAkov2W.jpg, 0, 0, 1, 0, 0, 0
kJ28IqGFEzCjM8FI2bJn.jpg, 0, 0, 0, 1, 0, 0
lK9FSXTUFbQUkUYb0d2D.jpg, 1, 0, 0, 1, 0, 0
ku1eRYykadZInhoRTcnJ.jpg, 0, 0, 0, 0, 0, 1
lfODfBO9EetuAro4tUHe.jpg, 0, 0, 1, 0, 0, 1
mbrCOFclGhCaak6nS5wS.jpg, 0, 0, 0, 0, 1, 0
oeKRrgepfGbtCKOU39ix.jpg, 0, 0, 0, 0, 1, 0
kAKGgakJiZA3A4GGNbXN.jpg, 0, 1, 0, 1, 0, 0
ltBOYWkytifDzh6qgpim.jpg, 0, 0, 0, 1, 0, 0
qJxQabnduHjYDBb1erxF.jpg, 0, 0, 0, 0, 1, 0
jrIgkTIzYRmN84bG4ffH.jpg, 0, 0, 0, 0, 1, 1
pWfDIUQ0hfO7sdy4Tw7S.jpg, 0, 0, 0, 0, 0, 1
oJFwttI7rcJtjTcrpRcE.jpg, 0, 1, 0, 1, 0, 0
mtTTnSj77y3QrumbL7nL.jpg, 1, 0, 0, 1, 0, 0
oFIHaxmYPkwr3ejMKWVb.jpg, 0, 0, 1, 1, 0, 0
qBlWqYoj7ePlCMwAV5Ke.jpg, 0, 0, 0, 1, 0, 1
payFKPUNheBozyT8mGaF.jpg, 0, 0, 0, 0, 0, 1
pZLQacnjyVw1hgIg7QK2.jpg, 0, 0, 0, 1, 0, 0
nEKlXSCNBgmJQYaq8YUK.jpg, 1, 0, 1, 0, 0, 0
qDiZl5XiooCHq1mUYwFL.jpg, 1, 1, 0, 0, 0, 0
oNRKUSpHaxMoAxyneg25.jpg, 1, 0, 0, 1, 0, 0
qOB3WAt6L6GghDNbXy81.jpg, 0, 0, 0, 1, 1, 0
qkHxAFChvKhtDd3qihIt.jpg, 1, 0, 0, 0, 0, 0
qTLGt40Ci7oaclF8V5h3.jpg, 0, 0, 0, 0, 1, 1
qoyZSQ7TNlg0a8VtqrSL.jpg, 0, 0, 0, 1, 0, 0
qzYhH1EG7zXD0TvM9WbL.jpg, 0, 0, 0, 0, 1, 0
oU6l5ml2NNBmIh8gR4BJ.jpg, 0, 0, 0, 1, 0, 0
lo6ob7ht384iT8KFIPH7.jpg, 1, 0, 0, 0, 0, 0
oyKDGePKgYZEmBz156oZ.jpg, 0, 1, 0, 1, 0, 0
rLjhjyA0SBu9je9eXUuH.jpg, 0, 0, 0, 0, 1, 1
qtPusWvxvdXfKY8vgmJ8.jpg, 0, 1, 0, 0, 0, 0
qKwMptvt6tyQ88lUjCGs.jpg, 1, 0, 1, 0, 0, 0
s9Fzu09s8y9N8wQ2Fped.jpg, 1, 1, 0, 0, 0, 0
rfJWKAMJAaA1ucVs7yRu.jpg, 0, 1, 0, 1, 0, 0
rknYb409rYqDk8SEztQS.jpg, 1, 0, 0, 0, 0, 0
qzZdWfoZRIMUHBnaFAfx.jpg, 1, 1, 1, 1, 1, 1
r9ySy1L4fq0Z3Nts9AY6.jpg, 1, 1, 1, 1, 1, 1
rUClhduanEN5CehextJB.jpg, 0, 0, 1, 0, 0, 0
rpoA4tEGmuWkyQyj7Dzc.jpg, 0, 0, 1, 1, 0, 0
qw10zijGnC2of5WxfFqJ.jpg, 0, 0, 0, 0, 0, 1
t6zHjAcZLv3n4jhzJgiu.jpg, 1, 0, 0, 0, 0, 0
mrAx5Lhr0ClLCi5Gm0Iz.jpg, 1, 1, 1, 1, 1, 1
sKAxaxzAaG7Fntgjv1Ga.jpg, 0, 0, 0, 0, 0, 1
qweM8o9XMbHpOI4h8uxP.jpg, 0, 0, 1, 0, 0, 0
u3kFoy0LSSN57bZdm43n.jpg, 0, 0, 1, 0, 1, 0
uOGJ9I3XdX0DSZQHDWWE.jpg, 1, 0, 1, 0, 0, 0
tH5xMstEd0b2QCx9bkES.jpg, 0, 0, 1, 0, 0, 0
tJwdX0fz77V20ubop2A7.jpg, 1, 0, 1, 0, 0, 0
tWXaRZGwTnri9SNLkRgg.jpg, 0, 0, 0, 0, 1, 0
tpzSTFo7RZmuvBMFIDVX.jpg, 0, 1, 0, 0, 1, 0
v35W0wrTgtiBctQmDjxO.jpg, 0, 1, 0, 0, 1, 0
uEz3R0PssxHYyGhUvpax.jpg, 0, 0, 1, 0, 0, 0
s6MwPoJJfNwVD7ofLzNA.jpg, 0, 1, 0, 0, 0, 0
v6YuCzXha7SEZnEEtVbx.jpg, 0, 0, 0, 1, 0, 0
uTZspnRAJCkJiLasPaQV.jpg, 0, 0, 0, 0, 0, 1
vH20NPLylI5ryHm8LLx9.jpg, 0, 0, 0, 0, 1, 1
u5jTWOV0A3jvzBdbE0HO.jpg, 0, 0, 1, 0, 0, 1
vBExHaj0Xo1fJMfPNBfn.jpg, 0, 0, 1, 1, 0, 0
wvujQh2UFsCqGUNqUKfp.jpg, 1, 0, 1, 0, 0, 0
ugqEFlOx4TXvYwnIsmfI.jpg, 1, 0, 0, 0, 0, 1
utRvRlnLiDHCFjSUTfqf.jpg, 0, 1, 0, 0, 0, 0
vOtXGLg7ooOmELdWFsOB.jpg, 0, 0, 1, 0, 0, 0
wln5BPiLxZyVJaz0s0Ba.jpg, 0, 0, 1, 1, 0, 0
vvCUslbbuSc1ivU1TWUx.jpg, 1, 0, 0, 0, 0, 0
tIlemiyIpe4uwgQdbgXg.jpg, 0, 0, 0, 0, 1, 0
yQrfzVONvoXv1yBJDUCo.jpg, 1, 0, 0, 0, 0, 1
xQiMBeqGElBiMLKHWB6J.jpg, 1, 0, 0, 0, 0, 0
v7i972PHyGwZIqXU6L5u.jpg, 0, 1, 0, 0, 1, 0
wrHKroAcwP76Bnll7olK.jpg, 1, 0, 0, 0, 0, 0
yHKie5Zv5AgyiT2mJ25E.jpg, 0, 1, 0, 0, 0, 0
xOSyk2o435fzbZW1FKqC.jpg, 0, 0, 0, 1, 0, 0
r70XRvE2ry50eHB4eoHN.jpg, 0, 0, 0, 0, 0, 1
wjaU9VOMQIR15YxwdgzM.jpg, 0, 0, 0, 1, 0, 1
udg8njR80eR3nlO1myfe.jpg, 0, 0, 1, 0, 0, 0
yaN2jdlW1YE6dLYuCzhx.jpg, 1, 0, 0, 0, 0, 0
xdGE4EOFDOQW9osCDNYA.jpg, 0, 0, 0, 1, 0, 1
y0s0hgE3nqqQgW4TxtlX.jpg, 1, 0, 0, 0, 0, 0
yx3v6JYtulW6WlTCQrGN.jpg, 0, 0, 0, 1, 0, 1
xax0VmUKJrDuLIyVDZUO.jpg, 0, 0, 0, 1, 0, 0
xfgRhPTZ3PQu9EEYXOW6.jpg, 0, 0, 0, 1, 0, 1
ypQHUELrAlKcNwFySMkC.jpg, 0, 0, 0, 0, 1, 0
zA1DRBP4SqXIjr0HgQoZ.jpg, 0, 0, 0, 0, 1, 0
z9S1a9ZOHGiGxy3bS4ac.jpg, 0, 1, 0, 1, 0, 0
yvkJVCWStBlTSnV3gX4t.jpg, 0, 0, 0, 0, 0, 1
zP00qNgresG03ApQHybH.jpg, 0, 0, 0, 1, 1, 0
zlfp8Pa31n4Xfq2AW3eT.jpg, 1, 0, 0, 1, 0, 0
zjz0SOqDGCLAPFI3Pdtb.jpg, 0, 1, 0, 1, 0, 0
zE0UjYkraEenTAeEhF7O.jpg, 1, 0, 0, 0, 0, 1
ztRFD05kwlLw48SjJKhv.jpg, 1, 0, 0, 0, 0, 1
zQY6roEFt4Mf8DSA6rbD.jpg, 1, 0, 0, 1, 0, 0
zlBWsgUT7zxHDhKeXU5D.jpg, 0, 0, 1, 0, 0, 0
zs7d5LnyF4SNgmFZ18ir.jpg, 0, 0, 0, 0, 0, 1
z0h6P3p2rwoT8XwMXACd.jpg, 0, 1, 0, 0, 0, 0
yYxJj8limPdy77Vbyjzt.jpg, 0, 0, 0, 0, 0, 1
ykiH9t9ag2UNnnvjPWL2.jpg, 1, 0, 0, 0, 0, 1
y8dVmt2LuwWb6zHFaqAY.jpg, 1, 0, 0, 0, 0, 1
v0TnDCiV9lohGgCIRT9H.jpg, 0, 0, 0, 0, 1, 0
i.rf.0781af6dbe9a060dcc5fea856457e140.jpg, 1, 0, 0, 0, 0, 0
i.rf.02b8de9439682f7d3f3066232ba940d4.jpg, 0, 0, 0, 0, 0, 1
IMG_0829_jpeg.rf.0b8622741aeb54e047df64da003e6f44.jpg, 0, 0, 1, 0, 1, 0
i.rf.0013f0d8ff64d81600de07bab9b36056.jpg, 0, 0, 0, 1, 0, 0
IMG_0695_jpeg.rf.0727cd960ba237e526053315eb33f936.jpg, 0, 0, 0, 0, 1, 1
i.rf.0d299f89cd525dd407a724a61bc494c3.jpg, 0, 0, 0, 1, 0, 0
IMG_0732_jpeg.rf.02b7b98479faf0e63ff97dace4bad515.jpg, 0, 0, 0, 0, 0, 1
i.rf.05eee38e1553c61a79a64ed99d55ec30.jpg, 1, 0, 0, 0, 0, 0
0w7N80xpQ8hrHm0Ax1Il.jpg, 0, 1, 0, 1, 0, 0
i.rf.043040f97b54acf9c0bee1d5e34bc69b.jpg, 0, 1, 0, 0, 0, 0
IMG_0841_jpeg.rf.0161fbca6a8d731f1b214aaa7cb06f1a.jpg, 0, 0, 1, 0, 0, 0
i.rf.0b2bddd9fc69a81230811c38f1dbaa2f.jpg, 1, 0, 0, 0, 0, 0
i.rf.0f867c9e1e54ad690c737ecd44575a40.jpg, 1, 0, 0, 0, 0, 0
IMG_0655_jpeg.rf.0e5a5c5191631a492d5084084b294569.jpg, 1, 0, 0, 0, 0, 1
i.rf.0e6c5c2f423002f7add6a8c0e6394614.jpg, 0, 0, 1, 0, 0, 0
IMG_0657_jpeg.rf.0824e5142dc69c71630398cab76dd561.jpg, 1, 0, 0, 0, 0, 1
IMG_0711_jpeg.rf.08f28c5402bbdda7cc838e8632284327.jpg, 0, 0, 0, 1, 1, 0
IMG_0678_jpeg.rf.0b14e0505bca06e8cbee4e71bfb020d3.jpg, 0, 1, 0, 1, 0, 0
0u9xMiHr1Nvqlv9Wblme.jpg, 0, 1, 0, 0, 0, 0
i.rf.0aff53298db778c64cd1b593c97d74ff.jpg, 0, 0, 0, 0, 0, 1
i.rf.133bce48cebae4d2f6eecccf6e53fe61.jpg, 0, 0, 1, 0, 0, 0
i.rf.0923b4f37e735b9d790d19009fe478ae.jpg, 0, 0, 1, 0, 0, 0
IMG_0694_jpeg.rf.101a247b5cf2a9d28036f20d2ebe25b4.jpg, 0, 0, 0, 0, 1, 1
IMG_0716_jpeg.rf.0304042e9109decec9d71fb8955b46c8.jpg, 0, 0, 0, 1, 1, 0
IMG_0826_jpeg.rf.13fb1e240fe1348c43ea49af5a94fa90.jpg, 0, 0, 1, 0, 1, 0
IMG_0741_jpeg.rf.13a4b2ce9321b08c26779137b3537e3a.jpg, 0, 0, 0, 0, 1, 1
IMG_0714_jpeg.rf.10a3c452b290f6454de12e38373aba75.jpg, 0, 0, 0, 1, 1, 0
0UCYHhTRw47AMemvClU9.jpg, 0, 0, 1, 1, 0, 0
IMG_0817_jpeg.rf.15054779055bd7560839d97ac6e18670.jpg, 1, 0, 0, 1, 0, 0
1TzLokBTp4DTQrBXvDQu.jpg, 1, 0, 1, 0, 0, 0
i.rf.13930e8f037a1f677e4ac92ea4e0ff7d.jpg, 0, 0, 0, 1, 0, 0
171HNXSWwOZVfUyuX9FC.jpg, 1, 0, 0, 0, 0, 0
IMG_0672_jpeg.rf.14a25548ecb55700d7e6c5f1133f0a2a.jpg, 1, 0, 1, 0, 0, 0
IMG_0720_jpeg.rf.1700b69252fcacba7ea4ceec8ec8c74a.jpg, 0, 0, 1, 0, 0, 1
IMG_0752_jpeg.rf.1ce88bf66996218fdc1c6fdbbdcc03ad.jpg, 0, 0, 0, 1, 0, 0
i.rf.1dffd1968e8d006d0024c74cb3f0db38.jpg, 1, 1, 1, 1, 0, 1
IMG_0797_jpeg.rf.1d6d93cdac71b9c13eb9ceb90b2f7136.jpg, 0, 0, 0, 0, 1, 1
i.rf.1ea5febc3987385ec37dd2d0d72b3b57.jpg, 1, 0, 0, 0, 0, 0
IMG_0753_jpeg.rf.20084f6fc43e09285448b928a7d37595.jpg, 0, 0, 0, 1, 0, 0
i.rf.1f3556246cf8bdf3d1a870427cf0ec83.jpg, 0, 0, 0, 0, 1, 0
IMG_0768_jpeg.rf.185cf007b99fbe12349e011ab8211434.jpg, 0, 0, 0, 0, 1, 0
i.rf.23e944014ceffb92fa935dbd648396fc.jpg, 0, 1, 0, 0, 0, 0
i.rf.244967f9a4721f319bc1b986438acf9b.jpg, 0, 0, 1, 0, 0, 0
IMG_0760_jpeg.rf.2507000dfbc6ff64a017028d6b19031e.jpg, 0, 1, 0, 1, 0, 0
i.rf.1a535c65cc05254719ab9e2d42cda7ea.jpg, 1, 0, 0, 0, 0, 0
i.rf.166746844f36037195de8b762499d60c.jpg, 0, 0, 1, 0, 0, 1
i.rf.26b77fea98011ccc47c4f4875baf8c3d.jpg, 1, 0, 0, 0, 0, 0
2X6dWpblZK3KCWrAGi9m.jpg, 0, 0, 0, 0, 0, 1
IMG_0821_jpeg.rf.27a77e3709fc9990d2d97bbc003cecbe.jpg, 1, 0, 0, 1, 0, 0
IMG_0825_jpeg.rf.27d5d56545a33b5e7d90652a0aacaca9.jpg, 0, 0, 1, 0, 1, 0
IMG_0676_jpeg.rf.28e143e9bcca7b678e865c616d2ec2f0.jpg, 1, 0, 1, 0, 0, 0
1hKQ15G8yjDMsnF9RQi0.jpg, 1, 0, 0, 0, 0, 0
IMG_0806_jpeg.rf.25130d2937471eb5c1ce9a3245f45c10.jpg, 1, 0, 0, 0, 0, 0
IMG_0724_jpeg.rf.25fe81b14cdc0e009db85971012bbeca.jpg, 1, 0, 1, 0, 0, 0
i.rf.2db20653384f04821a83bbe4ccb31789.jpg, 0, 0, 0, 1, 0, 0
IMG_0766_jpeg.rf.2b7063ed2f827ace08ded51fc79afd4a.jpg, 0, 0, 1, 1, 0, 0
i.rf.2c3089500657522b01f252e25517fe20.jpg, 0, 0, 0, 1, 0, 1
2nLHs8jFh4scTPB8JqNf.jpg, 0, 0, 0, 1, 0, 0
IMG_0770_jpeg.rf.2fdc5e4d2b473dfd4fa7e1afa1a57667.jpg, 0, 0, 0, 0, 1, 0
IMG_0708_jpeg.rf.2e1b085a20888b7a889c8e12fb22988c.jpg, 0, 0, 1, 0, 0, 1
IMG_0778_jpeg.rf.05f49d88a7999d3701c2639a6470ab5c.jpg, 0, 1, 0, 0, 1, 0
IMG_0779_jpeg.rf.28347df5db8e644fadef08e9b686c0ea.jpg, 0, 1, 0, 0, 1, 0
i.rf.2fa0a64cb4ad3e18622ea6b8c54fd0aa.jpg, 0, 0, 1, 0, 0, 0
i.rf.04c0e274d35f92bc359a73f294b58e26.jpg, 0, 0, 0, 0, 1, 0
IMG_0773_jpeg.rf.2bb167b370329ea07e6c8ac61765e981.jpg, 0, 0, 0, 0, 1, 0
IMG_0696_jpeg.rf.2bd9be53b2bf6de147e0d3678e6a24c6.jpg, 0, 0, 0, 0, 1, 1
2qCO9vgUbp0Loar2XPmF.jpg, 1, 0, 0, 0, 0, 0
2wb7m3K52aSyqeoknl1M.jpg, 0, 1, 0, 1, 0, 0
i.rf.2fc9e27d9c93a9a4345dcce90daf5412.jpg, 1, 0, 0, 0, 0, 0
i.rf.33844fc7441be49a90afc56ac25c1586.jpg, 0, 1, 0, 0, 0, 0
IMG_0735_jpeg.rf.35701cf85ea3b418f5467b68c61d1571.jpg, 0, 0, 0, 0, 0, 1
2I7OYiKPw74CLFMpY9uV.jpg, 0, 0, 1, 0, 1, 0
i.rf.31126901414a057ed27f53d1049ae945.jpg, 0, 0, 0, 0, 1, 0
IMG_0757_jpeg.rf.354818ccf8557d81b42d9b7f7945cbc3.jpg, 0, 1, 0, 1, 0, 0
i.rf.35a723ca4ae7f5ecd9aec7371664da7f.jpg, 0, 0, 0, 0, 1, 0
i.rf.25a99bcd47695b538e6ed44d420a6408.jpg, 0, 1, 0, 0, 0, 0
IMG_0700_jpeg.rf.3686d72643c8266efc684067ff7cc745.jpg, 1, 0, 0, 1, 0, 0
IMG_0685_jpeg.rf.34d31930467116cdeab303a240016c6d.jpg, 1, 0, 0, 1, 0, 0
i.rf.3837ad254d73c66079358af7d24179d7.jpg, 1, 0, 0, 0, 0, 0
383YGovm9JnUva4iJZZ7.jpg, 0, 0, 0, 1, 0, 1
IMG_0729_jpeg.rf.3921f9b69d0d3a04609b8977da870d24.jpg, 1, 0, 1, 0, 0, 0
IMG_0755_jpeg.rf.365a71eff80e447ef4e3aaa6a2de19c0.jpg, 0, 1, 0, 1, 0, 0
IMG_0780_jpeg.rf.3a92ce047d945736c272531816b189bf.jpg, 0, 1, 0, 0, 1, 0
IMG_0674_jpeg.rf.391cb97b8ead5e199d24e37b8b37761e.jpg, 1, 0, 1, 0, 0, 0
i.rf.38567e9e548ea2f8e3be8847824b2909.jpg, 0, 0, 0, 0, 1, 0
IMG_0681_jpeg.rf.3a9f124601973297d6572326f58d0a8a.jpg, 1, 0, 0, 0, 0, 1
2zlMGVd3DDu2iySrPoid.jpg, 0, 0, 1, 0, 0, 0
3Zy9M62JSii4nOtC2Tzg.jpg, 1, 0, 1, 0, 0, 0
i.rf.38ee357b45633caa50b8418d1c938128.jpg, 1, 0, 0, 0, 0, 0
3RGWQSWZiaDgPdHFAq3O.jpg, 0, 0, 0, 0, 1, 1
IMG_0819_jpeg.rf.3e545923a5a0117f766e04d4fe36fda2.jpg, 1, 0, 0, 1, 0, 0
IMG_0756_jpeg.rf.400b024fa6c2c52552a3cdd400abc3e0.jpg, 0, 1, 0, 1, 0, 0
i.rf.39907085d969f04e91dd1804f691a52f.jpg, 1, 1, 1, 1, 1, 1
i.rf.3e3e83ecd254ae1507628ac316a67b15.jpg, 0, 0, 1, 0, 0, 0
i.rf.47d17302ab0040ba059e827bae65d9a5.jpg, 0, 1, 0, 0, 0, 0
3GpVHDfjBHpiLcvGPp5w.jpg, 1, 0, 0, 0, 0, 0
3sDmk65TaDR1kx2fa20Q.jpg, 1, 0, 0, 0, 0, 0
IMG_0758_jpeg.rf.479be877a719605b9225460b35fd03a2.jpg, 0, 1, 0, 1, 0, 0
4IUNrrLLzjsNTGfXk4bc.jpg, 1, 1, 1, 1, 0, 1
IMG_0669_jpeg.rf.490d7392d935169167e2364e94cd3f72.jpg, 0, 0, 0, 0, 0, 1
i.rf.3d465312dd2da2a6aa6c6b199bcafaeb.jpg, 0, 0, 0, 0, 0, 1
IMG_0702_jpeg.rf.45e3a2ed3ae58ee4a0ec6e5caf42c149.jpg, 1, 0, 0, 1, 0, 0
i.rf.46e745024359ae247434619788feed15.jpg, 0, 1, 0, 0, 0, 0
IMG_0777_jpeg.rf.454140e95b4ccae4150e6efac5163f91.jpg, 0, 1, 0, 0, 1, 0
4LokxbN03ptbIu8iZ3NJ.jpg, 0, 0, 0, 0, 1, 0
IMG_0697_jpeg.rf.41054cd310f0eb41b6f2829d62f78445.jpg, 0, 1, 0, 0, 0, 1
IMG_0717_jpeg.rf.4d9a4b7389f81ee6410033d32de84c3e.jpg, 0, 0, 1, 0, 0, 1
i.rf.4ee3246545a576a0eadfabbc63a900b9.jpg, 0, 0, 0, 1, 0, 0
i.rf.4b29dafa60284f918032eb1f13308630.jpg, 0, 0, 1, 0, 0, 0
IMG_0709_jpeg.rf.4c1f6343c4c8a1142498f4f72f6289ba.jpg, 0, 0, 1, 0, 0, 1
i.rf.4d960eba1516db463be7dcff369e5e10.jpg, 1, 0, 0, 0, 0, 0
IMG_0822_jpeg.rf.4c9f901c9d7fc65f1029c972ee036f67.jpg, 1, 0, 0, 1, 0, 0
49klGpOFqehU9gNQkZnI.jpg, 1, 1, 0, 0, 0, 0
IMG_0754_jpeg.rf.464bb332a4d79d35851dff1a7974b4e4.jpg, 0, 1, 0, 1, 0, 0
i.rf.4da8bbc090519d61ad17330a90f77b16.jpg, 0, 0, 0, 1, 0, 0
i.rf.54d2ff16aa29429dc526415a109695ac.jpg, 0, 0, 0, 0, 1, 0
4hYyElHpJREvSXoPwcO8.jpg, 1, 1, 1, 1, 1, 1
i.rf.2c26414550306444e3c71cb7f4d78675.jpg, 1, 0, 0, 0, 0, 0
IMG_0781_jpeg.rf.55f355a710a3bf7129033918ca4badf0.jpg, 0, 1, 0, 0, 1, 0
IMG_0824_jpeg.rf.4ea01a98c56b033c101f00fbb4aafb2d.jpg, 1, 0, 0, 1, 0, 0
IMG_0795_jpeg.rf.50954779f41ab86afc05043caec6c62c.jpg, 0, 0, 0, 0, 1, 1
i.rf.544cf788a65462a3d421a663272d0c63.jpg, 0, 0, 0, 1, 0, 1
IMG_0743_jpeg.rf.5a47173d262043605a487dc7998e4498.jpg, 0, 0, 0, 0, 1, 1
i.rf.57628ae0aa8b27dc23d9c4c865caf1ac.jpg, 0, 0, 0, 1, 0, 0
IMG_0774_jpeg.rf.5887d1892c94ec55f349945f9289fd50.jpg, 0, 0, 0, 0, 1, 0
5KQLDcSLW4djTcrm9Wnv.jpg, 0, 0, 1, 0, 0, 0
IMG_0689_jpeg.rf.581e2d8544601d2181442f3499c5cffe.jpg, 0, 1, 0, 0, 0, 0
55hc2ilQpGgFIGKTDTgH.jpg, 1, 0, 0, 1, 0, 0
i.rf.583fa67ca48c0d88065aac12fb4f2402.jpg, 1, 0, 0, 0, 0, 0
i.rf.5adcca8cffeae7331704855ae5661ea8.jpg, 1, 0, 0, 0, 0, 0
IMG_0761_jpeg.rf.51165a31f17b8536769f5716ce587a01.jpg, 0, 0, 1, 1, 0, 0
IMG_0840_jpeg.rf.5131d3a0faafd4267c639d82ffdfbd44.jpg, 0, 0, 1, 0, 0, 0
i.rf.50517ad8b0f8ab74d99d23924eb83a1e.jpg, 1, 0, 0, 0, 0, 0
5OBaWZiM8mU1EqtOVs6E.jpg, 0, 0, 0, 0, 0, 1
i.rf.513b2e845110d75a416b3835eb10d796.jpg, 1, 0, 0, 0, 0, 0
IMG_0746_jpeg.rf.5144eb5ac131c3a8a5e8b2f48a1b3fbc.jpg, 0, 0, 0, 1, 0, 0
5bHvBAfjIkep2YKS91uY.jpg, 1, 0, 0, 0, 0, 1
56nuhiAkTdntFEGnasbW.jpg, 1, 0, 0, 1, 0, 0
IMG_0833_jpeg.rf.4fa4df1c1248dc013e61d969e5416882.jpg, 0, 0, 0, 1, 0, 1
i.rf.5b9ccdf32c215d3daee2c34e075ead7b.jpg, 0, 0, 1, 0, 0, 0
i.rf.612f7b7e8e662ad48d775e4364f6e1bc.jpg, 0, 0, 0, 1, 0, 0
IMG_0738_jpeg.rf.513d5d204f7afc7fb68c79f77b9062fe.jpg, 0, 0, 0, 0, 1, 1
IMG_0762_jpeg.rf.6082acc00af4f06db694bab3dc296dd8.jpg, 0, 0, 1, 1, 0, 0
IMG_0828_jpeg.rf.5f65a80e3040e6e0d43029ceaa66649f.jpg, 0, 0, 1, 0, 1, 0
i.rf.5d3e11e759b59467a5a77657b06710c1.jpg, 0, 1, 0, 0, 0, 0
i.rf.60924f7123157450044766ef965ca5a2.jpg, 0, 0, 0, 1, 0, 0
IMG_0846_jpeg.rf.5f924161f53a6723877350d5eeb3ae36.jpg, 0, 0, 1, 0, 0, 0
i.rf.66456175d78e2bd87ab165bc981105b1.jpg, 0, 0, 0, 1, 0, 0
i.rf.6269d09934466eedf2ab834845b59e1f.jpg, 1, 0, 0, 0, 0, 0
5kP95uP7K1XF6jB98k6A.jpg, 0, 1, 0, 0, 0, 0
IMG_0831_jpeg.rf.69b65a8bf33236cd1a4cb10f0313e842.jpg, 0, 0, 0, 1, 0, 1
IMG_0691_jpeg.rf.69b58bcb241176ddf895b77fec13ead6.jpg, 0, 0, 0, 0, 0, 1
i.rf.5cbdb6bd1da99bf8461d0fec4ce31ce6.jpg, 1, 0, 0, 0, 0, 0
IMG_0722_jpeg.rf.5c2ef46f6ec852b5d7997afd332ef71c.jpg, 0, 0, 1, 0, 0, 1
IMG_0809_jpeg.rf.5ced221fc70b35a3444163eb129072af.jpg, 1, 0, 0, 0, 0, 1
IMG_0834_jpeg.rf.51bbaf8a4d3be4d0a5fedb6dc432378c.jpg, 0, 0, 0, 1, 0, 1
6CMU5Jq5B6UH5GiDMhjF.jpg, 0, 1, 0, 0, 1, 0
IMG_0667_jpeg.rf.5e1ba57c5d5ae08c2f50d2ea34be5938.jpg, 1, 1, 0, 0, 0, 0
IMG_0812_jpeg.rf.64a61d2b2c35987b62b07fa787e8400b.jpg, 1, 0, 0, 0, 0, 1
6HHtqeo0iNk4RnaXxGLn.jpg, 0, 0, 0, 0, 1, 1
i.rf.64187b982802f37d026cc3cfdd4b591b.jpg, 0, 0, 0, 0, 1, 0
IMG_0723_jpeg.rf.6a97dbb6f225a6ba96b9b5be8861526d.jpg, 0, 0, 1, 0, 0, 1
IMG_0847_jpeg.rf.6d03064f70259a9a3769e48e720935b5.jpg, 0, 0, 1, 0, 0, 0
6Bn4rt8vXGgx1DethPfO.jpg, 0, 0, 1, 0, 0, 0
i.rf.69d3842321e3639a24b9153d24335534.jpg, 0, 1, 0, 0, 0, 0
i.rf.6b3be5dee4626b235458d29398fb8454.jpg, 0, 0, 0, 0, 0, 1
6UDybdeCCRugB4ITWjSa.jpg, 0, 0, 0, 0, 1, 0
IMG_0769_jpeg.rf.6d643544d51f4fc802212af4a17cd4f8.jpg, 0, 0, 0, 0, 1, 0
i.rf.67690a4ec973774d52ed6bc1cf34b39a.jpg, 0, 0, 0, 1, 0, 0
IMG_0725_jpeg.rf.6ab365981b3b6282c7b2ab192fa6f6ab.jpg, 1, 0, 1, 0, 0, 0
6Sk2pJFT1DnRqRirfu5z.jpg, 0, 1, 0, 1, 0, 0
i.rf.709106f88d48df7b1c3fc58ecdb4972d.jpg, 0, 0, 1, 0, 0, 0
i.rf.6d3dc1ab29c5d4aaf29553db0438dd6a.jpg, 0, 0, 0, 0, 0, 1
6gNJwxRmU0PrVL8wvt0e.jpg, 0, 0, 1, 0, 0, 0
i.rf.72ec5c8274ed190bf65b46f97dfdf1f1.jpg, 1, 1, 1, 1, 0, 0
i.rf.726fd7bb03bd3e197c2dd575c38c6ff5.jpg, 0, 0, 0, 0, 0, 1
i.rf.6fe8f81ba43b46359e027aeea438e1b0.jpg, 0, 1, 1, 1, 1, 1
IMG_0675_jpeg.rf.733d07d87e39a984940388abc0038122.jpg, 1, 0, 1, 0, 0, 0
IMG_0801_jpeg.rf.733e4ddfb24414ffc6793d39909103e0.jpg, 1, 0, 0, 0, 0, 0
IMG_0800_jpeg.rf.75cdd62a3e81b3f3c44dbf53bfd2da51.jpg, 0, 0, 0, 0, 1, 1
i.rf.739bbd28683e3f65a8abfc128e3345a3.jpg, 1, 0, 0, 0, 0, 0
i.rf.7cacf0e60914e94ffa9c788cb96ffdae.jpg, 0, 1, 0, 0, 0, 0
IMG_0659_jpeg.rf.7567dc89fdfe6ea45c266ae8ff886c96.jpg, 1, 0, 0, 1, 0, 0
i.rf.74d1d20e6b777cae9afda33df9295987.jpg, 0, 0, 0, 1, 0, 0
i.rf.71d6d990e25b7aaec88ecdd157a34ef2.jpg, 0, 0, 0, 0, 0, 1
7NYJLP83hwOjnlNk0UUK.jpg, 0, 0, 0, 1, 0, 0
6yzTr2t1hiKuyZt2Jc35.jpg, 0, 1, 0, 0, 0, 0
i.rf.7690685ebd20ef52e3a32fa84b4923e5.jpg, 0, 0, 0, 0, 1, 0
i.rf.7e35e3108835ae4629d98315065ca2b5.jpg, 0, 0, 0, 0, 0, 1
7AqtMtuc0XyrSMFYpn2b.jpg, 0, 0, 0, 0, 1, 0
IMG_0786_jpeg.rf.77680e064f8bcd79d9a514e7a3278eae.jpg, 0, 1, 0, 1, 0, 0
7rGcKi5L3ByDQOcTo26P.jpg, 0, 0, 0, 1, 1, 0
IMG_0658_jpeg.rf.82ad158da998bf9603a8ca567a36c298.jpg, 1, 0, 0, 1, 0, 0
i.rf.80885b62a4603f516f2caa30c54b9678.jpg, 0, 0, 0, 1, 0, 0
7XlyikmesH5r7n0fvLyh.jpg, 0, 0, 1, 0, 0, 1
i.rf.8600e69bdfa4f9a4710b7cf6a454d371.jpg, 0, 0, 1, 0, 0, 0
7aJ5y61zbpuOgwLi59xm.jpg, 0, 0, 1, 0, 0, 0
IMG_0673_jpeg.rf.83e29cd99b242d18f708bfcf3ee044e8.jpg, 1, 0, 1, 0, 0, 0
i.rf.88406c184e769f7185ca08658c1f663e.jpg, 0, 0, 0, 0, 0, 1
781Os7RrQdWqYIVP7kc6.jpg, 1, 0, 0, 1, 0, 0
IMG_0692_jpeg.rf.8082fa050fa0e241f5e22882a35c2c25.jpg, 0, 0, 0, 0, 0, 1
IMG_0788_jpeg.rf.8a423fc7e8c0b11c95ef19602af34a07.jpg, 0, 1, 0, 1, 0, 0
IMG_0726_jpeg.rf.7e997e56dd4996f705599f4f78792307.jpg, 1, 0, 1, 0, 0, 0
i.rf.8546949b5a46f4c6b67e225ee755add4.jpg, 1, 0, 0, 0, 0, 0
82Q8g1aTpXE94pQ7ywuG.jpg, 0, 0, 0, 0, 1, 0
i.rf.86424f7c3a88bcfb54ded7b8cce498fd.jpg, 0, 0, 1, 0, 0, 0
8B51ZeA4nWVsTHgB0kq4.jpg, 0, 1, 0, 1, 0, 0
IMG_0699_jpeg.rf.88be898dede24d7ebede393528868446.jpg, 0, 1, 0, 0, 0, 1
i.rf.893e3a9f69b4c7e2c0fbbe6f58ebbde6.jpg, 0, 0, 0, 0, 0, 1
7kCmoJnZyD42i8swT5Go.jpg, 0, 0, 0, 1, 1, 0
IMG_0814_jpeg.rf.88e6a4d29df6f83e4667fb5aec98cd46.jpg, 1, 0, 0, 0, 0, 1
IMG_0776_jpeg.rf.8ebed49b41aa440cf5a7f450daf4259b.jpg, 0, 1, 0, 0, 1, 0
IMG_0790_jpeg.rf.8d5fb618863dcc16ce29147aa7c96c93.jpg, 0, 1, 0, 1, 0, 0
IMG_0677_jpeg.rf.8df4ecf98b9bbe906c49bef8551a8d21.jpg, 0, 1, 0, 1, 0, 0
IMG_0798_jpeg.rf.8b2cb556c880a49620247793f1fbb556.jpg, 0, 0, 0, 0, 1, 1
IMG_0827_jpeg.rf.92b12af66de67017526e3a2bf7f79108.jpg, 0, 0, 1, 0, 1, 0
IMG_0830_jpeg.rf.8d8df10bfb33228d8752447ac568458a.jpg, 0, 0, 1, 0, 1, 0
i.rf.8df12626c106294963455c95cf008663.jpg, 0, 0, 0, 1, 0, 0
IMG_0799_jpeg.rf.8b4b8db26af187c2361095c587950505.jpg, 0, 0, 0, 0, 1, 1
IMG_0751_jpeg.rf.921c6191744154c890d12dd6ac718855.jpg, 0, 0, 0, 1, 0, 0
IMG_0662_jpeg.rf.9426e9cd642188c81e9cc3c761ac7bb6.jpg, 1, 0, 0, 1, 0, 0
IMG_0656_jpeg.rf.91114fbcd3e80fcf86b77c9bf9a9814d.jpg, 1, 0, 0, 0, 0, 1
i.rf.917a1f20800db538ea14aa97f4ebeb10.jpg, 0, 1, 0, 0, 0, 0
IMG_0684_jpeg.rf.8dbd4ffcf2bed2aaf60ad4ad71314723.jpg, 1, 0, 0, 1, 0, 0
i.rf.8f591c76621a3ad7f0079f7261672b50.jpg, 0, 0, 0, 0, 1, 0
92bcdhP26QcsbZwEXJqx.jpg, 1, 0, 0, 0, 0, 1
i.rf.963fab81548361810c2011441649f338.jpg, 0, 0, 0, 1, 0, 0
IMG_0690_jpeg.rf.93ba2ead779eb6a6942dc71e7e8db7f7.jpg, 0, 0, 0, 0, 0, 1
IMG_0765_jpeg.rf.9814f5b674904b880f4df3f097358825.jpg, 0, 0, 1, 1, 0, 0
96BAZqp69F7SUZz9nhtU.jpg, 0, 0, 1, 0, 1, 0
IMG_0680_jpeg.rf.925dfb195caca953d612311d6fad7ac0.jpg, 0, 1, 0, 1, 0, 0
IMG_0813_jpeg.rf.983b500a3e5b51e322625d1f4849f42d.jpg, 1, 0, 0, 0, 0, 1
IMG_0686_jpeg.rf.9442bf3a158452d6b9532bb91958b054.jpg, 0, 1, 0, 0, 0, 0
IMG_0670_jpeg.rf.98caf6a2d88d6fe2ca892d7eb887dded.jpg, 0, 0, 0, 0, 0, 1
i.rf.8ad471fd84229b9d50fcd089b3f58b97.jpg, 1, 0, 0, 0, 0, 0
9dO99suY0gATnvEerJK6.jpg, 1, 0, 0, 0, 0, 0
IMG_0789_jpeg.rf.9c175436f0c637a9413c00101fce1996.jpg, 0, 1, 0, 1, 0, 0
8pjEGEkMDsjUnXsXC4Ay.jpg, 0, 0, 0, 1, 0, 0
IMG_0660_jpeg.rf.9c7b4813fb3ba4d427dad436b7528e3e.jpg, 1, 0, 0, 1, 0, 0
i.rf.96cd4906be80e1b8758b3e99ac25922b.jpg, 0, 0, 0, 0, 0, 1
A5E0uIbILLeUVeFNfCuR.jpg, 0, 1, 0, 1, 0, 0
IMG_0842_jpeg.rf.999141f7099a558ded327d33ddeea2eb.jpg, 0, 0, 1, 0, 0, 0
i.rf.9f70d1eb49808899b87429ae9128e2cf.jpg, 0, 0, 1, 0, 0, 0
9TpcGl3MP96Tdk660Fn8.jpg, 0, 0, 0, 0, 0, 1
IMG_0772_jpeg.rf.9ddd31f2d64fc06bec9dc62c271d0210.jpg, 0, 0, 0, 0, 1, 0
9oE9wCouuYY8TVATkVXs.jpg, 0, 0, 1, 0, 0, 0
9ciP8PFlWkSlzZmhLrYG.jpg, 0, 0, 1, 0, 0, 1
9kpVLsRPR4OHaCxzEve4.jpg, 0, 0, 0, 0, 0, 1
AAJSuQOanPfsbb1LxuN2.jpg, 0, 0, 0, 0, 0, 1
9hjW2AEAHwVbT7EZwEDd.jpg, 1, 0, 0, 0, 0, 0
AkLl4c7YKK62NQ4RXJty.jpg, 1, 0, 0, 0, 0, 0
AolBqGW9DWFqkDwiKksF.jpg, 0, 0, 0, 0, 0, 1
EX9c36SNZ1TQD1AVlejh.jpg, 0, 0, 1, 0, 1, 0
CgK5o6hFzJu6QCH2CsHK.jpg, 0, 1, 0, 0, 0, 0
AF3If6wpChc8PxPFy66i.jpg, 1, 0, 0, 1, 0, 0
Axk8MwpriyVDjM1yPNaK.jpg, 1, 0, 0, 1, 0, 0
CIEQwmwgrwKZvXrmBc6j.jpg, 0, 0, 1, 0, 0, 0
DW1kdNglMQDfNBroMGaw.jpg, 0, 1, 0, 0, 1, 0
CX6VV8pWkIGggn1dSwjK.jpg, 0, 0, 0, 1, 0, 0
CmSEY8NyrWFmb4HYJVlj.jpg, 0, 0, 1, 0, 0, 1
BXtBdBqh6oTj8J8msnla.jpg, 1, 1, 0, 0, 0, 0
EG16NZKJwfkHRgr8XLAK.jpg, 0, 0, 0, 1, 1, 0
Duk21KqK1E9Ayq5MSrpM.jpg, 0, 0, 0, 0, 1, 1
DH4gKIqyq8ESPptzyW8l.jpg, 0, 1, 0, 0, 0, 0
ADBiAMoXqsic8LAa3Eko.jpg, 0, 0, 0, 0, 1, 1
CvPYmUDhnthHZVEEZ0In.jpg, 1, 0, 0, 0, 0, 1
DPIEJhX80fJZoBfwVwSk.jpg, 0, 0, 1, 1, 0, 0
BWTwBZzX0jEL3aZ2JBqH.jpg, 0, 0, 0, 0, 0, 1
CwrCWVrGZFF8sAMYdFuS.jpg, 1, 0, 1, 0, 0, 0
BO863x1EsDVGyotMtOAu.jpg, 0, 0, 1, 0, 0, 1
DKfceoy7iFc0Br1YIovB.jpg, 0, 0, 1, 0, 0, 0
De8NnlQTQNrQsInw3vrK.jpg, 1, 0, 0, 1, 0, 0
AKYvOkMr5c4xXRkTjuMD.jpg, 0, 1, 0, 1, 0, 0
EbEa3oKd4ly4r1KqDnH1.jpg, 0, 1, 0, 0, 0, 0
EcjGKE6P4VwBNUMEJush.jpg, 0, 0, 0, 1, 0, 1
Eq2eGYi7hJYAXbH42qi3.jpg, 0, 1, 0, 0, 1, 0
BoeFoMwtpTqGVGxyTQeB.jpg, 0, 0, 0, 0, 1, 1
DocoPsRxD7Dv0BdZfOBR.jpg, 0, 0, 1, 0, 1, 0
FG3VYT8BrSwpO7yizGZN.jpg, 0, 0, 1, 0, 0, 0
FY4kPHkPyrM0yZfQcSMJ.jpg, 1, 0, 0, 0, 0, 0
Fb3Pcw6J1vAaryjjwmjP.jpg, 0, 0, 0, 0, 0, 1
GR3TDMuWehv5gmaAS9jf.jpg, 0, 0, 0, 1, 0, 0
F4tp1Qwj62qfKQwkr3gR.jpg, 1, 0, 1, 0, 0, 0
HETsY9haOkb3CGEmddqg.jpg, 0, 1, 0, 0, 0, 0
FiK2by8jdbaOP0NWyI8r.jpg, 1, 0, 0, 0, 0, 0
HKhd9LMS7M4OxySTw6Fg.jpg, 0, 0, 0, 1, 0, 0
FdK0RrLZAQvL0y2ppJ2F.jpg, 1, 0, 0, 1, 0, 0
Hrt56G2SyLE4wMESEhYU.jpg, 0, 1, 0, 0, 0, 0
I5wlClm8aui6hVEXP8PV.jpg, 0, 1, 0, 1, 0, 0
HI4lgvtHynN8N3WgliIP.jpg, 0, 0, 0, 1, 0, 0
HPExAWiE1UMeaFtRBxEN.jpg, 1, 1, 0, 0, 0, 0
IICq4OMr97EVIgOND0ne.jpg, 0, 0, 0, 0, 1, 1
GosqKsalf6UnYF9Ho946.jpg, 0, 1, 0, 0, 0, 0
G7kQQjuDRrJdItuWe3v1.jpg, 0, 0, 0, 1, 0, 0
Fnl6iOtCNELtVNctOmSt.jpg, 1, 0, 0, 0, 0, 0
F68bTBJwV62fKARN7ZFY.jpg, 0, 0, 0, 1, 0, 0
FicL1h8oQLQGwTD0I2lX.jpg, 1, 0, 0, 0, 0, 0
IkXr7Y6ggXF2M37wCfQH.jpg, 0, 0, 0, 1, 0, 0
K2EY8aOQJ86H0HKrieoF.jpg, 0, 1, 0, 1, 0, 0
G6lBIxJ7WdxChESltOSa.jpg, 0, 0, 0, 1, 0, 0
JhX59YleTY8MXRi6QCU2.jpg, 0, 0, 1, 0, 0, 1
JMtg8574j7X0KwXcONUP.jpg, 1, 1, 1, 1, 1, 1
KU4XUsQcSvg9eEUfys7O.jpg, 0, 0, 0, 0, 1, 0
IjrtyjE52K57fN66MbA6.jpg, 0, 0, 0, 0, 1, 0
MzgQ4ixDBWagGzTLlVAP.jpg, 0, 1, 0, 0, 0, 0
KTF7LkV3nKrY9Y7o5MOA.jpg, 0, 0, 1, 0, 0, 0
KshvEsQ0w0gGdTKX1AXz.jpg, 1, 0, 0, 0, 0, 1
KwbDAr3AJ9zRADP3JGna.jpg, 0, 0, 1, 0, 0, 0
NALeKpIcPNfAnSpV4rWp.jpg, 0, 0, 0, 0, 0, 1
Jc5hD4YKJ8gr4BX10I0Q.jpg, 0, 0, 0, 1, 0, 0
M1H8UdqMqDPe9mA9Pcnt.jpg, 0, 0, 1, 0, 0, 0
MftXba1u3hxw6DDL2fYg.jpg, 1, 0, 0, 0, 0, 0
M49DlVfOBBTDRj6Gmu0A.jpg, 0, 0, 0, 1, 0, 0
OO7e4olFGmRKG2S0FHvR.jpg, 0, 0, 0, 1, 0, 1
LQOPeaWFxQZtMLVDB2Q0.jpg, 0, 0, 0, 1, 0, 0
JuXcrqOCq2hdOzvYSMqc.jpg, 0, 0, 0, 0, 0, 1
MNC59efXp4bpdZoOkgHV.jpg, 1, 0, 0, 1, 0, 0
MQgYXUjyBNQ2TnT0tbYe.jpg, 0, 0, 0, 1, 0, 0
LuAIu6ar1N53qLIbkJkw.jpg, 0, 0, 1, 0, 0, 1
MIo1UfRgCbdX7jD8CRSS.jpg, 0, 0, 1, 0, 0, 0
OOxZN1qLkDLLFVHvySdT.jpg, 0, 1, 0, 0, 0, 0
KzanHWOzjNVK24oN2Ecy.jpg, 0, 0, 0, 0, 1, 0
Pl9fJUuxKiM6L7JzjU0K.jpg, 0, 0, 0, 0, 0, 1
N4wBVkD4VsluTJBJZjF8.jpg, 0, 0, 0, 0, 0, 1
LG95Gwpjs1SMlA1yBwYm.jpg, 1, 0, 0, 0, 0, 1
NzSLqutNEmYvckHjKa16.jpg, 1, 0, 0, 0, 0, 1
OQJMVOCFqWThdGwQWwdG.jpg, 0, 0, 0, 0, 1, 0
PEIn2EKDC9KwuI6gf5av.jpg, 0, 1, 0, 1, 0, 0
PoQnWDG2cjGJtirdTzAj.jpg, 0, 0, 1, 0, 0, 0
PSaWGjeZCwBJjIDUUm5Z.jpg, 0, 0, 0, 1, 0, 1
NLsNun5Zv4PjICY2bWTo.jpg, 0, 0, 1, 1, 0, 0
Qixl2xE4fF40zaQFtzZc.jpg, 1, 0, 0, 0, 0, 0
KfBqygf7wJ3ZeDdptuJh.jpg, 0, 0, 0, 0, 1, 0
Kvh7uYft5URYGlnedQeL.jpg, 0, 0, 0, 0, 0, 1
Q1AbwqLJjmNExlUwD3dX.jpg, 0, 1, 0, 0, 1, 0
QtcDOLi8Tfly3lkDBqRF.jpg, 0, 0, 0, 0, 1, 0
QBjLQJUGn38pKT66uwR1.jpg, 0, 0, 0, 0, 1, 0
QDIKakhN2DvoSablgpjA.jpg, 0, 1, 0, 0, 0, 1
QR8tRfx3aUd4VkV2Q2GN.jpg, 1, 0, 0, 0, 0, 0
Qam6um6IIrGhXthNHG3Y.jpg, 1, 1, 1, 1, 1, 1
QacOFLXmuT7zwbfwQY50.jpg, 0, 1, 0, 0, 0, 0
QPlYzvwMfYz64irq5Vk7.jpg, 0, 0, 1, 0, 0, 0
Q6eiGMjoNseZZComR3y8.jpg, 0, 0, 1, 0, 0, 0
QuEvgLjPTfiXRPpsDaN2.jpg, 0, 0, 1, 0, 0, 1
SU4lYPtyq8QiyuxBizlw.jpg, 0, 0, 0, 1, 1, 0
SundL0A69WVW1rCjflHi.jpg, 1, 0, 0, 0, 0, 0
TqlOyJmnPJH4kQ7GPCtH.jpg, 0, 0, 0, 0, 1, 0
SyABxbDYc08ykqENqGGG.jpg, 0, 0, 0, 0, 0, 1
SzCmpv3PJ8bNn0gBzx9U.jpg, 0, 1, 0, 0, 0, 1
TyyI71njnB0T6V3FiBm4.jpg, 0, 1, 0, 0, 0, 1
T4r9jfTQYtOc7BMd4BpW.jpg, 0, 1, 0, 1, 0, 0
TjYIrzmEDTzEpO30Cz5F.jpg, 0, 0, 0, 0, 1, 1
QqiJV8hEwHCbKx29uScA.jpg, 1, 0, 0, 1, 0, 0
T6IK5r4yJ57CBgXhWLp8.jpg, 0, 1, 0, 0, 0, 0
THpN0PPs0xJhlElKvU0m.jpg, 0, 0, 0, 0, 1, 0
SZ7Xxy4RS9HSJPW0pXvI.jpg, 0, 0, 0, 0, 1, 1
TjwIKPy0YYc4ZELrTxvT.jpg, 1, 0, 0, 0, 0, 1
TvqEdL2eL0rWLmOw5OHb.jpg, 0, 1, 0, 0, 0, 0
Thi3p4CXB4ClQcwLSIiL.jpg, 1, 1, 0, 0, 0, 0
PoU7tK1e8BkkYzPMoJkM.jpg, 0, 1, 0, 0, 0, 0
TtpmFby1KedpCBzcnHje.jpg, 0, 1, 0, 1, 0, 0
SJ3RzTT6IvPEWxeWoc5z.jpg, 0, 0, 0, 1, 0, 0
TWdikanktdru8rbimyoy.jpg, 0, 0, 1, 0, 0, 1
U0kPGwttAog7w8p0o7at.jpg, 0, 1, 0, 0, 0, 0
U5xRNjxiKaJ5lcSubeO5.jpg, 0, 0, 0, 1, 0, 0
UgAYJ1zPntD8tdSnO5VW.jpg, 0, 0, 1, 0, 0, 0
VpQzcdLwHxEzKb3WzEtD.jpg, 0, 1, 0, 1, 0, 0
SSTcW9gK2BMI3uEicfBD.jpg, 0, 1, 0, 0, 0, 0
WtyXj1NBkS1ViwLOFMIC.jpg, 0, 1, 0, 0, 1, 0
Ux8xSFtB5s9mwbdDZLFT.jpg, 1, 0, 0, 0, 0, 0
WuFKPTqXqoCLKFi103Tf.jpg, 0, 0, 0, 1, 0, 0
VxzF8Py3LMn9a8lJ9V8K.jpg, 1, 1, 1, 1, 0, 0
TjwvedpTS3IbVzQHrJHV.jpg, 0, 1, 0, 0, 0, 0
U4WCGOpAUZ00gmaYNNrT.jpg, 0, 0, 1, 0, 0, 1
WDVGxXp7jrYa1GWUdSRg.jpg, 1, 0, 0, 0, 0, 0
WOeURN95G2dvPHyHHiGe.jpg, 0, 0, 1, 0, 0, 0
X9LDeFQNHyU21xK5T0k6.jpg, 0, 0, 1, 0, 0, 0
X1zBtF31Qn4LrP4SpBFW.jpg, 0, 0, 0, 0, 1, 0
W4OGoCIcz181Fuz8ZqOn.jpg, 0, 0, 1, 0, 0, 0
VSVoyyBsBJQ6jdLHPjuM.jpg, 1, 0, 0, 0, 0, 1
X7l3VtZgB0A6WCJgmOoE.jpg, 0, 0, 0, 0, 1, 0
V0MSbnimB6r8Y1hsxJau.jpg, 0, 0, 0, 0, 1, 1
WUKz7UleXlZrZUlZY4qz.jpg, 0, 0, 1, 0, 0, 1
XEY9fuIG5tGvxW66ImZA.jpg, 1, 0, 0, 0, 0, 0
V8LfZrkeYFAZ2NLa0eEk.jpg, 1, 0, 0, 0, 0, 0
Wk7GUhLH1dt65jRbZNgj.jpg, 0, 0, 0, 0, 0, 1
VtHXzkvWEUsFexmGnwPh.jpg, 1, 0, 0, 0, 0, 0
VBH4myP1sZEdPlO9zhvt.jpg, 0, 0, 0, 1, 0, 0
WX2stYwd1zYPaKEiejCx.jpg, 0, 0, 1, 0, 1, 0
Y4Yg8z4a7Th1yYKaJuG8.jpg, 0, 0, 0, 1, 1, 0
WMH9TnxQ4pZXkAk7WPLK.jpg, 0, 0, 0, 1, 0, 0
ZmT6iz6tHJIs82hloMf7.jpg, 0, 0, 0, 1, 0, 0
XwrlrZKa331Vlt4KcBkq.jpg, 0, 0, 0, 0, 0, 1
i.rf.a0378b4bceba1dc25e7a790ca52d2a20.jpg, 0, 0, 1, 0, 0, 0
YbBdPIao30yxjZv4Ykvm.jpg, 0, 0, 0, 1, 0, 0
ZNTxov7pgLuMiaAHxHdm.jpg, 1, 0, 0, 0, 0, 0
YHPOcaCnjOf0V1iU0RS2.jpg, 0, 1, 0, 0, 0, 0
Zf7Psn261DIqqvskylwS.jpg, 1, 1, 1, 1, 1, 1
a14cuZ71E4ivTxJ5NX6J.jpg, 0, 0, 0, 1, 0, 0
XOx9soL6E5r9iBcQ1H79.jpg, 1, 1, 1, 1, 1, 1
i.rf.a13016d370bb95e45f313fc4e2b9d0fe.jpg, 1, 1, 1, 1, 1, 1
XuETU7z5N2PLnf4lVERG.jpg, 1, 0, 0, 0, 0, 0
a0gSK3oOWZCGsy0gvxj7.jpg, 0, 0, 0, 0, 0, 1
YPJCtDyDdoGuHR3xbEwy.jpg, 0, 1, 0, 1, 0, 0
IMG_0661_jpeg.rf.a10e27def8b0ef39e7e2e82289fed20c.jpg, 1, 0, 0, 1, 0, 0
i.rf.a204699b33ed2571765176d0a9db2ac3.jpg, 0, 0, 0, 0, 0, 1
ZQd4ILjJSE05JueTH5U6.jpg, 1, 0, 0, 1, 0, 0
i.rf.a2422f945342169fecb68dbe1de1610c.jpg, 0, 0, 0, 0, 0, 1
i.rf.a19a067c20d66b937242819df3d3722b.jpg, 1, 0, 0, 0, 0, 0
IMG_0805_jpeg.rf.a1c72fccf339c8f7085bf09db5339996.jpg, 1, 0, 0, 0, 0, 0
YRrbDPZDEx0pRJBNc6ND.jpg, 1, 0, 0, 1, 0, 0
ZPfTbqN8JKffK0oZGUXT.jpg, 1, 0, 1, 0, 0, 0
i.rf.a2d7611098900d2cd0218a17f0afb9f1.jpg, 0, 1, 0, 0, 0, 0
i.rf.a3a52d911a604d77e4f50595536ed204.jpg, 0, 0, 0, 0, 1, 0
IMG_0737_jpeg.rf.a28fd396a923995e7f009e26ed7d956f.jpg, 0, 0, 0, 0, 0, 1
aKSSNfPuYT3its63WZyu.jpg, 0, 1, 0, 1, 0, 0
i.rf.a20f1a2bf66458076bb776d6ab2bcc7b.jpg, 0, 0, 0, 1, 0, 0
IMG_0767_jpeg.rf.a601ec9c16fd219dfac4be95344369d9.jpg, 0, 0, 1, 1, 0, 0
a6bYscjGlrdRIddqKmzB.jpg, 0, 0, 0, 0, 1, 0
i.rf.a73e774513d64e13d4895fb6cafd485a.jpg, 0, 0, 0, 0, 1, 0
i.rf.a6cccce70c8e5891d66f4c6a0521810d.jpg, 0, 1, 0, 0, 0, 0
i.rf.a9f4db7ccc4724b0bfc0ec2adf94dc09.jpg, 1, 1, 1, 1, 1, 1
IMG_0721_jpeg.rf.a7715c3ded181e9097e0c157e916bd57.jpg, 0, 0, 1, 0, 0, 1
IMG_0712_jpeg.rf.aaa1c5bccc75fa6ec386958021810ac3.jpg, 0, 0, 0, 1, 1, 0
aPnJxkYTCO78TRYzLWGi.jpg, 0, 0, 0, 1, 0, 0
i.rf.a90dba62449bb350fd8e7901f8c933ee.jpg, 0, 0, 1, 0, 0, 0
i.rf.a95998437fc75289627e39709a290ed5.jpg, 0, 1, 0, 0, 0, 0
IMG_0771_jpeg.rf.aaa432c069c3de2866e72ec0f4f31107.jpg, 0, 0, 0, 0, 1, 0
aTtxD6rE3kawzeMA6urf.jpg, 1, 1, 1, 1, 1, 1
aGpIk6663H3vWCFmC33n.jpg, 0, 0, 0, 0, 1, 0
aNXH3HNQl8K9ejzDn7Z4.jpg, 0, 1, 0, 0, 1, 0
i.rf.a3cb990034fd2f67de41ffb020c813b4.jpg, 0, 0, 0, 0, 1, 0
aUvWDGhpVQb0tux0xHrA.jpg, 1, 0, 1, 0, 0, 0
i.rf.abc24cdd6c77516c9e93ca7ca0d8b132.jpg, 0, 0, 1, 0, 0, 0
aOVjPoItF2RrPc5eIBdD.jpg, 0, 0, 0, 0, 0, 1
i.rf.a3afcfdf60fffb7ce3aa6f1e0c8f6a9d.jpg, 0, 1, 0, 0, 0, 0
IMG_0703_jpeg.rf.a8e5c7675120d90c3dc08e64c3a59f50.jpg, 1, 0, 0, 1, 0, 0
IMG_0782_jpeg.rf.abdc10a6f552277596dea649b04020b0.jpg, 0, 1, 0, 0, 1, 0
i.rf.ad0b6348399c2153a932d4aa92a5f35e.jpg, 0, 0, 0, 1, 0, 0
IMG_0745_jpeg.rf.a8f73a8cd5187d32f4efc49b0ae9bf5b.jpg, 0, 0, 0, 1, 0, 0
i.rf.ad88776a0ada876fcd6c1f98a3ea7a27.jpg, 0, 0, 0, 0, 0, 1
acsF4PlxNlEWey48okuG.jpg, 0, 1, 1, 1, 1, 1
i.rf.afbdd98fe7e726c7f881be90c5450d5b.jpg, 1, 1, 1, 1, 1, 1
IMG_0693_jpeg.rf.aee09936b1cef2cbd905b97ce29f032a.jpg, 0, 0, 0, 0, 1, 1
i.rf.afd331f4348a2816c54eba1d8341d7d8.jpg, 0, 0, 0, 0, 1, 0
i.rf.aebfd4abb442528bea00d7412335d2e5.jpg, 0, 0, 0, 0, 0, 1
i.rf.b7b5dd89de2752b52b637d94829ce738.jpg, 1, 0, 0, 0, 0, 0
i.rf.b1a3a6a8fff488cab08ea637c69fd1d6.jpg, 1, 1, 1, 1, 1, 1
i.rf.b46ad9f2018c0335f921e8976e713220.jpg, 0, 0, 0, 0, 0, 1
IMG_0794_jpeg.rf.b3f5ce1fd44a63baf1d2850e00558cf6.jpg, 0, 1, 0, 1, 0, 0
IMG_0704_jpeg.rf.b7a6ebefeb8d3dfcc966a3274c3b53bf.jpg, 0, 0, 1, 0, 0, 1
IMG_0763_jpeg.rf.ae566ec597a091547326749837dbc2f5.jpg, 0, 0, 1, 1, 0, 0
IMG_0718_jpeg.rf.af9d2ca3b3055929ade8623032f0d466.jpg, 0, 0, 1, 0, 0, 1
IMG_0749_jpeg.rf.b81676ebc7171fc8484277ca53c4a6f9.jpg, 0, 0, 0, 1, 0, 0
IMG_0832_jpeg.rf.b13a8b2226ff4c068fcb13d2a44da8ff.jpg, 0, 0, 0, 1, 0, 1
IMG_0682_jpeg.rf.b85d46408cf81ea19a3d57c70f157856.jpg, 1, 0, 0, 0, 0, 1
i.rf.b5c4434859ad24efb2848d404677cfa3.jpg, 0, 0, 0, 1, 0, 0
i.rf.ae88d4a4a6ee6185d92f20298b762643.jpg, 0, 1, 0, 0, 0, 0
i.rf.b91f6e48a22e986357c0d7a176b7da61.jpg, 0, 0, 0, 0, 1, 0
i.rf.b714cd6f6af72c205e873d298977289b.jpg, 0, 1, 0, 0, 0, 0
b0iMxapIwZivjOTw9yiZ.jpg, 0, 0, 0, 0, 1, 0
i.rf.b731b5f1d898967ae7f654c608459b01.jpg, 0, 1, 0, 0, 0, 0
IMG_0823_jpeg.rf.b8fdc61f6be7ecdae7495a9050ff9494.jpg, 1, 0, 0, 1, 0, 0
bArz5nOVpsTpjob1mh1B.jpg, 0, 1, 0, 1, 0, 0
IMG_0775_jpeg.rf.bb49f22ac44cc1de021cce4a0f43a85b.jpg, 0, 1, 0, 0, 1, 0
bFXzo2WVUROVNLXUIiou.jpg, 0, 0, 0, 0, 0, 1
IMG_0791_jpeg.rf.bf00f10e38613e18d358077d5bb0ccd2.jpg, 0, 1, 0, 1, 0, 0
IMG_0730_jpeg.rf.ba320fce5cef2adbcfb96f5b26d78e11.jpg, 1, 0, 1, 0, 0, 0
IMG_0787_jpeg.rf.bc40a82d0e8fb9c7d1d724c4aea38fa8.jpg, 0, 1, 0, 1, 0, 0
bRsqD9GF1cWectak7obh.jpg, 0, 0, 1, 0, 0, 0
IMG_0836_jpeg.rf.b2c75da8533c3a27fc882a19d7a34421.jpg, 0, 0, 0, 1, 0, 1
i.rf.bb17ea6c7d44021d7558a6e0962100e7.jpg, 1, 0, 0, 0, 0, 0
IMG_0837_jpeg.rf.c1f932d8e6d09af43f6f04679b829d19.jpg, 0, 0, 0, 1, 0, 1
i.rf.bf02f5c6261691c4acc49624af45508a.jpg, 1, 1, 1, 1, 1, 1
bOqGUJWqlDhjODXQqwbe.jpg, 0, 0, 0, 0, 1, 0
byoFvzONH5x3mF6M52uP.jpg, 0, 1, 0, 0, 0, 0
IMG_0707_jpeg.rf.bcb36710de4755e5de4040c10c12a175.jpg, 0, 0, 1, 0, 0, 1
i.rf.bc4120ea7b7fbeebe63e3fe328d58b51.jpg, 0, 1, 0, 0, 0, 0
i.rf.b6afa9962f69a94666d511a850905360.jpg, 0, 0, 0, 0, 1, 0
IMG_0734_jpeg.rf.bfaa606413bd876098d7508f0df7144f.jpg, 0, 0, 0, 0, 0, 1
bUrH2IrWh0M5vb5TmTpz.jpg, 1, 0, 0, 1, 0, 0
bS8xWk2CXcYv2m0ccZra.jpg, 0, 0, 0, 1, 0, 0
IMG_0808_jpeg.rf.bef3a4bfba895b4e74a643a19f96ea96.jpg, 1, 0, 0, 0, 0, 0
i.rf.c474ca310b7d5437bf4b6209798a69a9.jpg, 0, 0, 1, 0, 0, 0
IMG_0713_jpeg.rf.ca24e612a0e577aae23c5cac7e5e9a8d.jpg, 0, 0, 0, 1, 1, 0
IMG_0804_jpeg.rf.c970f89c74009e3be2e448fbf21a6442.jpg, 1, 0, 0, 0, 0, 0
IMG_0843_jpeg.rf.ca34352d8d67048ea3368f5a83075533.jpg, 0, 0, 1, 0, 0, 0
IMG_0731_jpeg.rf.c8cda75816556d4b82a685b1f87acf86.jpg, 0, 0, 0, 0, 0, 1
i.rf.c48445d5fa12985080468bfffe9b6cec.jpg, 1, 1, 1, 1, 1, 1
IMG_0687_jpeg.rf.c665c437cec284e1a352665da80b0a05.jpg, 0, 1, 0, 0, 0, 0
i.rf.be9b95713f25f4579150e53236374251.jpg, 0, 0, 0, 0, 0, 1
IMG_0748_jpeg.rf.cf920a41d9b325b66b7dff1a79be4463.jpg, 0, 0, 0, 1, 0, 0
bvfZorjkAy2xcmP2d5b0.jpg, 0, 1, 0, 0, 0, 0
bL7xXnT5k6wdrvrZB0IL.jpg, 0, 1, 0, 0, 0, 0
i.rf.c368333bf9bf747d804b6f3f58a6b1cc.jpg, 0, 0, 0, 1, 0, 0
i.rf.cd1c86d0d82690e611844f09528a789b.jpg, 0, 0, 0, 1, 0, 0
IMG_0792_jpeg.rf.cee531f01a4b1d51d3b0d3d4914964b9.jpg, 0, 1, 0, 1, 0, 0
IMG_0759_jpeg.rf.c223acd5cd09b5ddb4b7c335ec7abab8.jpg, 0, 1, 0, 1, 0, 0
i.rf.cd672585740f05ebc9cc6d19ea87fedc.jpg, 0, 0, 0, 0, 0, 1
IMG_0835_jpeg.rf.ce766d77c5f62987c696631b02732f7c.jpg, 0, 0, 0, 1, 0, 1